track_id,label
TRAYYAU128F92D58D0,2
TRARURM128F931A91B,2
TRAMSSK128F92FDC80,2
TRAAMPA128F92E7D0D,14
TRAWHZK12903CB5A01,14
TRAMGQR128E0786CA7,17
TRASQCW12903CA07D9,2
TRALKHJ128F92E9D36,11
TRBIJMU12903CF892B,2
TRARXIT128F423DC97,14
TRABGLK128F9338730,7
TRACXYU128F425EEE8,5
TRATKXV128F92D0480,12
TRAYLSA12903CD02FC,14
TRAUXSO128F42B863C,11
TRAGSJQ128F149EF8D,0
TRANTOT128F428ACD8,0
TRAVLNW128F4272F05,4
TRBHAAK128F92E27BF,11
TRALKBS128F423BB4C,15
TRBFSNP128F14572B5,2
TRBDAVU128F423814A,14
TRBCJUF128F93190C2,12
TRACJPW128F932CA4C,2
TRAKPET128F92FD69F,12
TRBGRWH128F92E3551,14
TRAQOXO128F42636BD,2
TRAAZBD128F427A97D,14
TRALGCD128F42A6346,12
TRACBLO128E0784286,16
TRBCTRX128F4299237,15
TRAOBKM128F92F894E,6
TRAWMBE128F423A76C,14
TRBBFHG128F932B9D6,2
TRBDNZI128F14A9065,14
TRADLBJ128F423A031,12
TRAAOYG128F9314996,2
TRAZJGD128F4289D2A,15
TRAZLFO12903CB6C0B,3
TRAQCFH128F92FE30F,9
TRAWFZB128F92FFB99,15
TRARCNN12903CD5262,14
TRATOHC128EF3460DA,3
TRATNHC12903CFA949,2
TRANYAM12903CD9CFC,3
TRAEVLO128F933DE9E,9
TRAAWQD12903CAA968,2
TRAOXSN128F4282FB5,4
TRBFEIX128F426A5F8,2
TRAZXBG12903CC5BF2,14
TRBIAVU128EF3493BA,6
TRANMKF128E07995A8,8
TRASMWP128F92CE9CE,14
TRAKVNJ128F932AF0F,2
TRBFZRA128F427030C,15
TRBDVJF128E078894B,2
TRACTHF128F4295A22,2
TRADZZP128F428BCE6,2
TRAKORW128F1484DF0,14
TRBALIJ128F14884B5,15
TRACWYD128F1465B4A,13
TRABPHE128F42A1E65,4
TRATUQR128F422F34D,12
TRBHHMI128F426779C,12
TRAEMTU128EF363016,14
TRANTAD128F92FD042,12
TRBBILZ12903CB422C,2
TRAENOH128F933978A,4
TRAXBVE128F932BD11,6
TRAUCRP128F931364D,15
TRBEDIR128F4250FBD,2
TRAEROB12903CE3E7D,0
TRBHUDB128F429A663,1
TRAEXEA128F933C67D,12
TRAAVOU128F422F292,14
TRAAXUY128F426BA55,2
TRAPQZO12903CFA319,3
TRBBCBT12903CB0497,13
TRAKDDB128F92D168A,14
TRANHJV128F92D819D,3
TRAEOOH128F934ACD4,12
TRBGJIZ128F92E42BC,14
TRAKOPE128F421CE6A,14
TRASYWM128F14804A5,14
TRAXGVY128F933E9C9,12
TRAGAAF128F9338911,14
TRAHYON12903CC36EF,15
TRAWPBO128F933D918,2
TRAGNBQ128F149CB93,13
TRAZWTT128F935AA16,7
TRAUWWP12903CC79CB,3
TRBFRNE128F42368B1,15
TRBFHRA128F424D28A,13
TRBGXWM128F428E59A,4
TRAYZBA128F4264551,14
TRADROR128F42936A4,12
TRAKGDZ12903CE4867,11
TRBGKJU128E079851F,6
TRASDGG128F933EDE2,2
TRAKHUW12903CF0048,3
TRAFAID128F4243DAF,14
TRAOATJ128F147FC9B,2
TRAZLCL128F92F0A89,14
TRACLRV128EF33FAB8,2
TRAPISC128F14671D3,15
TRAJRTY128F426CF1F,2
TRAAPCC128F42519A7,14
TRAAZKV12903CDDFE0,14
TRAAFMS128F933AB23,4
TRARHCB128F148D1B0,2
TRAAENC128F1451DE9,12
TRBGHND128E079438C,14
TRAWEIX128F14B0F05,12
TRBFVEP128F42621E3,12
TRAUORF128F424D160,10
TRBFUNY128C7196B7D,9
TRAXYPP128F92F9111,14
TRABOXX128F92F29EB,15
TRAAPIV128F1493132,2
TRAFNNT128F92E4E81,2
TRAXAMO128F4289D24,15
TRAUPSV128F427B621,4
TRAMBFD128EF34B848,15
TRAKFYU128F4283EB5,15
TRBDHUR128F423EC48,12
TRBCHEE128F92F82D0,2
TRABRMJ128E0780E42,2
TRBFUXQ128F145B135,2
TRALIHU12903CFF040,12
TRAIGSC128F933BBD7,10
TRACYCJ128F9309246,14
TRAURRO128F1489B2C,2
TRARRWA128F42A0195,2
TRAVRPL128F145E874,11
TRANLSP128F14671CA,15
TRAGROY128F92D2C53,14
TRAREDZ12903CFB6E3,2
TRAYPMR128E0785DD1,2
TRBANPN128F148CC45,15
TRAXRGF128F930A59F,15
TRBEFQB128F932138A,14
TRBFKHT128F427215E,14
TRBDDTT128F4291192,2
TRBFJDL128F1461579,14
TRAHWBP12903CAEBFC,8
TRAATPA128F146753C,12
TRBHJJP128F145EA12,12
TRBDBRX128F92F6E19,14
TRAEFDK128F1473B92,2
TRBBAKH128F92FA339,12
TRAJXNB128F4261F43,12
TRAILUH128E0784D6D,15
TRACICJ128F14ADFB8,0
TRADHLD128F4241363,3
TRBDWRY128F427991E,6
TRAPNYN128F4277985,2
TRAIPBF12903D074F5,15
TRAITHR128F42B7E26,2
TRAWTGS128F14569A8,14
TRAPFGD128F4274B46,10
TRAPTRH128F4271659,14
TRASCWR12903CCC575,12
TRBHLGE128F42A64E5,3
TRASOQC12903CFFED7,2
TRAEMXB128F429FA26,11
TRANTFR128F931C7DA,14
TRAEVIA12903CC3C37,12
TRACBWX128F92FD725,3
TRAINIF128F426416B,12
TRAVRJA128F9329C4C,12
TRAXIYW12903CB4343,0
TRADCUZ128F92E6775,10
TRAEPGQ128F932AE6D,14
TRAUTPD128F92F1376,14
TRAJAZP128F4290FF9,15
TRAOKSC128F4264989,2
TRATDDF128F4294E6A,7
TRBDQLL128E078B757,14
TRARMYQ128F149F18A,14
TRAAYPN128F9340DDF,3
TRAYJHF128F4294CB8,12
TRAXIES128F426C8F0,4
TRANRIK128F148C860,12
TRACNXS128F93395BA,8
TRAMIGP128F9335408,4
TRABUUH128F4241346,14
TRAGOVG128F42A963D,14
TRADKDX128F9320676,14
TRAWOVS128F424DC49,14
TRAQTOS128F428E94B,2
TRAIPST128F9302AE9,15
TRAOMMU128F933878B,14
TRALNJR128F145AC96,15
TRAAJAC128F148B530,14
TRBFXMJ12903CB50F6,14
TRBBKXZ128F4215C88,10
TRANOHA128F428B1CB,14
TRAFMPX128F4246C49,2
TRATESL128F92F12DF,14
TRAFABO128F933DE53,7
TRALLSP128F148AD75,15
TRANWOF12903CB3E19,14
TRADPPX128E078B0BC,2
TRADRED12903CA4B7C,9
TRAJDGB128F42882AC,15
TRASCAU128E078FB37,15
TRATCLI128F422BCF8,0
TRAOAPT128F426041F,4
TRAUGQI128F4295BD1,2
TRAEHYF128F148AE0C,14
TRBIFGK128F92F23A2,2
TRAWKQB128F92EE55D,10
TRALYQN128F42624E1,14
TRAYXBT128F425C974,10
TRAYFXH128F92E20F8,4
TRALEPN128F9311179,2
TRABNLE128EF34B85D,17
TRBBHUW128F429476F,17
TRACPIC128E0792500,11
TRBCIRO128F42B0277,2
TRAMBTK128F42390A4,14
TRAUYOD128F42647FE,15
TRAADYI128E078FB38,15
TRAJUPF128F4231A2C,15
TRAZASN128F427DB44,2
TRAKEBX128F423A5FA,14
TRACSTF128F4238A87,4
TRAMLGE128F92F81DD,14
TRAKBON128F9311039,6
TRAVYXL128EF34722F,2
TRAQEOP12903CA65E2,4
TRAUXSK128F427C58D,0
TRAFWRG128F4295089,14
TRAPEHR128E0786D5A,3
TRBCALG128F1483839,14
TRATBVA128F9312ACC,14
TRAVDDJ128F92EF09C,15
TRBCBXZ128F14628C3,2
TRACSIE128F427F98E,14
TRARTJL128F92CB44B,11
TRACVSS128E07846A7,14
TRBCBMG12903CDE2A4,15
TRBFUPZ128F145DB81,4
TRAQSEG128F9327EB9,14
TRAZYQF12903CE3DA5,12
TRAWEDC128F14A2EBA,1
TRALDSB12903CB4242,3
TRBEERY128F4231A2E,2
TRAOMDT12903CF73C3,2
TRAEDXO128F421B908,2
TRASQIB128F426693D,14
TRAAHRF128F92FE234,2
TRACOHQ128F424C5EF,2
TRAIVMM128F4266056,12
TRAPHZT128F147A02B,2
TRBIFOK128EF362D20,15
TRBHGVH128F148AD73,14
TRATYJI128F4255D27,6
TRBEUSV128F42A5F43,2
TRBABGU128F93391B2,14
TRAMVOM128F42ACB16,2
TRASCMB128F422B871,8
TRATFEN128F14A3A6E,15
TRAXQUZ128F42B77BE,15
TRAAZGC12903CB5DFB,12
TRATBGP128F1482545,15
TRBDNGV128F42895AE,14
TRAJLEC128F93385A1,10
TRAUVAQ128F92DC677,2
TRBGGOS128F9307FC5,12
TRBHHFG128F93353FE,4
TRBDLRT128F4296B2F,2
TRBDITJ128F145998C,15
TRAEMZO12903CC525F,14
TRBHZAA128F4271AE9,2
TRAURRP128F4261B94,14
TRBEBEZ128E0792F08,2
TRBGIPU128F4290454,0
TRANQEQ128F428AD70,14
TRAAZQW128F93430DC,12
TRBBFOT12903CBCB4F,11
TRAXPJU128F148ADE8,2
TRARIMP128F933D217,2
TRARDJY128F14750EA,2
TRBFQQY128F4249C56,0
TRAHFHR12903CCCAF8,8
TRBDYIC128F92F1D17,15
TRBBWIP128F4287400,17
TRABXVE128F4284AFC,2
TRBEBWN128F933D21F,8
TRADDCV128F423BAB0,2
TRAXYGX128F93158FC,12
TRAROQC128F4273979,4
TRAPQBU128F934C32D,2
TRAMBNF128F426FBB6,2
TRABYVN128F429E5CF,15
TRAPQNA128F93000EB,2
TRATGTP128F427021D,14
TRBBREF128F933CCDD,14
TRAJGGP12903CCE582,14
TRAOEQO128E0785439,0
TRAZAKG12903CF8157,3
TRATRMZ128F42A9AAC,2
TRAZRAR128F1477778,14
TRBHPGG128F428C972,15
TRAPVDC128F422C711,6
TRACKWV128F934B6B0,3
TRAETPQ128F92E562A,4
TRAGLAE12903CFFEED,0
TRAUKJZ128F9335412,4
TRAEAZV12903D0CBA6,2
TRBEHBS128F4233471,4
TRBIJFB128F92ED124,0
TRAROPS128F92F09A5,14
TRBHKKK128F427E9FF,2
TRABGHG128F934B27E,12
TRBDUSM128F9339A13,2
TRAMPCW128F92CC022,12
TRAMCND128F1466ACF,15
TRAQYOC128F9341CDC,15
TRBGNAF128F9339532,9
TRAYZXS12903CF1C4F,3
TRAKCNI128F427BA71,17
TRBASGH128F4276439,15
TRAGKTN128F933C68B,0
TRBERCZ128E0787D93,7
TRAWLGG128F42884CA,12
TRBHBGB128F931E4CF,12
TRAVFSW128F145C1D2,2
TRBHNUB12903CC2475,14
TRBHEVR128F4263CE0,14
TRARUTP128E0797FC7,0
TRAJFQF128F92E354E,14
TRAAQCK128F92E8C33,14
TRAUOAA128F4245ECF,13
TRAKLML128E07999DA,14
TRAOREE128F934DB89,15
TRAFGYR128F930F410,14
TRAAUGD128F42734DA,0
TRADQBK128F92E8B5F,14
TRBAZFD12903CB641D,14
TRAWTHB12903CB6497,3
TRBDTNY128F9327A10,14
TRBGLSW12903CE3D8A,15
TRBIBKA128F42947BF,17
TRASBZK128F42692CA,14
TRAWCQE128F14676AC,2
TRAYCIH128E07890B9,2
TRAUVSF128F14A0B6F,14
TRAXUBG128F9332164,8
TRBFIAK128E07823AA,2
TRAEWLF128F42B1F89,14
TRBEBVZ128F425A660,2
TRBFXVN128E078CF62,15
TRAQMWP12903CAC06F,2
TRANRKN128F93127BB,12
TRANIHL128F42970BD,13
TRAJFRJ128F9328FF1,13
TRBBZXJ12903CD3E8D,12
TRAKMLM128F14932B0,9
TRAWAXV128F92E075C,2
TRAKJYQ128F934B22E,2
TRAGSJK128F1491F0A,13
TRATGQO128F421B850,2
TRAUHXR12903CBDFE4,14
TRAYZXR128F934858F,12
TRAOCSE128F4282321,14
TRALULA128F932B9D0,3
TRANWZE128E078EE09,12
TRAKXMS12903CB36F2,2
TRAXXGI128F14688C7,2
TRAGALM128F4236C86,2
TRAGQVO128F145C0AF,2
TRAFXCP128F93182DD,17
TRBICVB128F9326B65,2
TRAOHNR128F428CD58,15
TRAZCSY128F42683F2,15
TRADDYJ128F4275431,4
TRBDBXO128F42B3E45,10
TRAYEUY128F4233766,14
TRAPKSE128F42AB9FB,14
TRADCHC128F42134B5,15
TRBCWPC128F42438DF,14
TRAUNEL128F1467D5C,14
TRAWDWZ128F9340E55,14
TRAHLNJ128F4214527,4
TRAEUHN128F92E2C7F,14
TRBCGKB12903CC0031,12
TRATQUI128F9347C68,12
TRAAGPJ128F428CD1B,2
TRAKLHO128F42BA554,2
TRASLHI128EF343C84,12
TRAFYGO128F42727E7,14
TRAXLPR128F428E466,14
TRBFYKT128F428AFF7,14
TRBHOXV128F92FBB72,2
TRAZBBP128E07845D4,15
TRBAIHN128F427D480,14
TRANVTB128F92E2C34,4
TRAFZRL128F428E465,2
TRBGWEG12903CFF7EE,14
TRAMMDM128F425EAA9,14
TRAGPMR128F930C0D8,13
TRAYYKO128F92E133B,2
TRBEMTF128F42660CA,15
TRAOYHS128F427EF8B,14
TRAAXIR128F92D1938,2
TRBFBUO128F42A3DED,7
TRBGIDU128F4241A2E,2
TRBDSPH12903CA2967,12
TRACWBO128F92F322F,14
TRASXZE128F427F156,2
TRBBVSO128F9341C12,12
TRALZTM128F92EC5F0,2
TRAMEBP12903CD7EEA,2
TRAAVOK12903CC4773,2
TRAEQQE128F42920E3,14
TRAZHYX128F9311662,13
TRBANAZ12903CCFE35,2
TRAUVGG128F9324DAC,3
TRACCJA128F149A144,17
TRAHFCR128F422A375,10
TRBBIPG128F92FA94D,4
TRBANHO128F425A477,12
TRARDUI12903CBF6B6,17
TRARSZV12903CDB2DE,14
TRAPZLI128F92DB0CD,17
TRAAVRJ128F92FF90A,2
TRAQEVV128EF34E413,12
TRAKCAE128F92DACD8,5
TRAQYFL12903D138CF,4
TRBCJRW12903CD02BC,12
TRAIRLU128F92D0250,12
TRARBYC128F92CEF3C,17
TRAHLVW128F426684F,4
TRBCBVY128F933A195,4
TRBDIBC12903CE95C2,0
TRBCANP128F92FA6B9,14
TRAELHH128F92CF21E,10
TRAUJPQ128F930D4C5,2
TRAYKZI128F932B9E8,2
TRARBVD128F4239284,6
TRADDRF128F145869F,2
TRBAAGQ128F148D17E,14
TRACCVZ128F4291A8A,2
TRBGBGO128F4264203,12
TRAUVVR128F425A925,2
TRAQLOD128F145EC9D,4
TRALTZZ12903CB7DD0,12
TRAJKMI128F4281107,14
TRAQQHJ128F9345DC3,14
TRAFEEO12903CFEC87,3
TRAETTV12903CBBD09,12
TRAIJWN12903CF2C76,3
TRARMWA128F424147D,2
TRAFBVU128F426B3F6,0
TRAATIU128F4291A84,15
TRBEONX128E0788D2B,0
TRBGACK12903CD5CF5,10
TRAQDSN128F42934A2,2
TRAWLYD128F42153D2,4
TRAMNJB128F92EFDC7,17
TRAQTRL128F428C2AF,2
TRAJHEE12903CB937A,13
TRAEVHU128F92D9EA0,2
TRAJZVL128F9342662,2
TRAUNPM12903CB7CCC,2
TRAEOGO128F93302B9,2
TRAPPUJ128F931B3D1,17
TRAKDMK128F92F9AFC,2
TRASGLV128F42390CA,2
TRAZWSN12903CD494F,12
TRAANBH128F9345A6C,14
TRAHLDM128F933A3B1,4
TRBAUVN128F932FEF8,12
TRAKJTB128F148C560,15
TRAJNWY128E078907F,2
TRANYLR128F4271924,2
TRAOXWF128E0790985,14
TRAJUPI128F9324529,12
TRBEFJE128F932139E,12
TRAKXLR128F9308F5A,2
TRBEIBI12903CC4C7B,2
TRATDLH128F93384B0,2
TRAUTSN128F14ADD4A,3
TRAFLMU128F4274A4D,15
TRBCBLV128F14ADF31,3
TRBCXDA128F426A86F,10
TRAKKOH128F42AF40E,4
TRAARSF12903CD1B12,2
TRBENZL128F1455ECA,14
TRBANBC128F147E363,2
TRBADFY128F422F325,14
TRAYMXS128F1452986,10
TRAKPJC128F4258613,15
TRABUIN128F93022FF,15
TRAHSQL128F4288AC7,15
TRBGTNZ128F1481BBD,17
TRAPVXU128F149E7CD,0
TRAFTCT128F425A900,2
TRAMLZC128F92F3EB9,6
TRAXZSJ128F145B3B0,12
TRBGUTI128E07872F0,15
TRATXSW128F4243364,2
TRBHMZS128F42658FF,15
TRBGOPC128F4231959,2
TRAEPAW128F4285BAB,2
TRAZJUH128F934465B,2
TRAZZQC128F427A0F5,6
TRAWFCM12903CBE6FA,2
TRBDMRW128F933A391,4
TRBDSFP128E07937B9,12
TRAQYZO128F930BC98,12
TRBGYCS128F4277187,3
TRAYDZH128C71967BC,2
TRAOJMY128E07836D9,14
TRAPMYO128F14903F5,0
TRBIGRY128F42597B3,2
TRBFURI128F1455498,14
TRBFPJD128F933B5C3,0
TRARSKA128F9336A04,12
TRANCOH128F422F31D,14
TRAHJCI128F92FFB38,15
TRBEWCS128F428BA34,14
TRATTAF128F147CA09,4
TRBGOVC128F934435E,2
TRAAQZQ128EF35C51A,2
TRATUPO128F9305A5C,15
TRAWBOE128F92F2F46,0
TRAWNDA128F9341C35,14
TRAPNQZ128F145B04E,14
TRAQYXL128F425EA21,2
TRADFII128F931FC9F,3
TRABIPA128F1458F79,15
TRABHBA128F424CF80,3
TRBECKU128F428B08A,15
TRAHIXN128F147F25D,12
TRBFQPI128F4280CDA,14
TRARIRG128F147FC96,14
TRAYYCA128F422B2A1,17
TRBGBEE12903CBD301,2
TRASKUE128F1478ECF,3
TRAFIGU12903CC70C2,4
TRAZSFV128F14806FE,13
TRAQRRD128F425F8E7,10
TRAGFVT128F92ECB5D,14
TRAZYJO128F42AF4B5,9
TRADXCF128EF357134,2
TRAMTYX128F42985D0,3
TRADJKG12903CE049F,12
TRAYFBF128F92C52AB,2
TRBCADG128F14AB245,4
TRBCIXV128F4261F09,14
TRBHGKH128F427FB11,4
TRAFMME128F932B4D5,3
TRAGWMO12903CFD994,3
TRAQIQP128E079505F,15
TRANMKA128F426C3B0,12
TRAAOIN128F9303790,15
TRABWPT128F42B06CC,14
TRABLMN128E0792687,14
TRBDYEF128F423DC43,14
TRABLGI128F42B867A,2
TRAWYNV128F92F5E7E,2
TRABFKN12903CAF61B,14
TRADFID128F4267231,2
TRAZDHL12903CBBB4B,10
TRAFSLJ128F14913B0,12
TRBFOEA128F425D2DB,8
TRAZPMW12903CFAC16,15
TRAEDYD128F425A868,15
TRAJBSL128F428A021,14
TRAPREX128F145DAD0,12
TRALWLU128F428C39A,2
TRAGGMY12903CD9533,12
TRADHLI128F428FEFD,11
TRAWEST128F4242614,12
TRAFBML128F93163FB,12
TRBGZKO128F92DB016,14
TRAYSUA128F9338AD8,4
TRARJPL128F931C7D2,11
TRARLGD128F93119C1,15
TRAESRT12903CC70CE,5
TRALNOD128F4264AEB,12
TRAAFUJ128F933F42B,15
TRBBPGU12903CF7C25,12
TRBBUCK128F42AFAD6,15
TRAMBBV128F9337714,14
TRACNXU12903C9CDFF,12
TRAOSFC128F42618F6,8
TRBGOWY12903D0E2A0,3
TRASWKJ128E0792FE7,13
TRAACFV128F935E50B,14
TRADFOQ128F9335409,4
TRBFLIP128E07897B4,2
TRANIUS12903D00EC7,2
TRARQSD128F427E2AA,0
TRANMWO128F426C41A,15
TRBHLDQ128F423EF10,13
TRAHCVT128F4282806,2
TRBFRFR128E0781C86,14
TRACCSW128F148C7C3,15
TRBDNWG12903CC3873,14
TRBCBLN128F932BC9D,3
TRBGCAK128F425F3CC,3
TRAVXII128F92FCC6D,0
TRAVOHH128F4247EF9,12
TRBFUMI128F42B5731,12
TRAJSRH128F425DDC7,2
TRAWBWG128F1462C30,12
TRAUFLM128F42AECDC,15
TRBGXHJ128F93302C7,14
TRAWRKQ128F429866C,7
TRABLQE128F92E5E75,2
TRANZTY128F424D794,6
TRBEBFU128F14971BD,15
TRBHMHM12903CD9C85,10
TRBATRO128F4225566,4
TRABZRZ128F42628AD,14
TRAVLKA128F428BBD3,14
TRANAIE128F146E588,14
TRBCEVJ128F428E090,2
TRAFHWP128F9333343,4
TRAUBMP128F9307E1C,14
TRAVPHL128F424EAE1,14
TRBHZUN12903CA60F7,2
TRAYXPS128F422842E,2
TRBBTUD128F42A10A3,3
TRANTAN128E078B326,12
TRALLAR128F933C692,2
TRAZYZQ128F146653D,16
TRAMWLL12903D119DA,2
TRBGDXO128EF3531E8,13
TRAWEQF128F42591E9,17
TRACHFO12903CB3009,2
TRAKYXS128F4248FE3,2
TRASWVM12903CA5601,12
TRBCVKL128F92CE9EF,14
TRABDTV128E0791839,0
TRAITRS128F9308142,14
TRBGITL12903CF2662,2
TRALJVQ128F428C764,14
TRAQRFN128F93071EA,14
TRAZVFJ128F9310CE2,14
TRASWSO12903CBE857,14
TRBHDGL128F42324A7,3
TRAZZLJ128E07945F2,15
TRBHHWQ128F93321AB,15
TRABAFJ128F42AF24E,14
TRBENNA12903D0411A,2
TRBAUPE128F9305DC7,12
TRBDEKV128F426BDAF,12
TRAYESZ128F1458FAE,8
TRAHCRI128F4255C6E,14
TRACOUL128F425BDE0,12
TRBHAFV128F425D48E,2
TRADMAJ128F92F566E,4
TRBCTBG128F42B7E1B,12
TRAGPAF128EF34542A,14
TRANDEK128F4259EBC,14
TRAFLZY128F148959F,12
TRARBBK128F427ED68,10
TRAOAVW128F9318B5A,12
TRALYZR128F92CDD86,4
TRAUJVM128F422C5A2,2
TRAEVRU128F4263351,2
TRANIBF12903CFA420,10
TRBBZOG128F422B02B,2
TRBFCZL128F42915B0,0
TRAPUFL128F425A8F9,2
TRAUMNH128F92FB67F,2
TRAUZVU12903CC050D,6
TRAXAZZ128F4255FAF,17
TRAPASL128F422BC00,2
TRACMCG128F92CE225,2
TRATTNI128E0799697,14
TRAWZLK128F930EC02,4
TRAKYWY128F9310CF4,2
TRAHBQT128F4213403,2
TRBHFDA128F4270728,12
TRBFUPH128F426310A,14
TRAVQPL128F9308D97,15
TRBDHUE128F9317991,2
TRAWKPT128E0795428,14
TRAUJTZ12903CF7BB4,2
TRADZXK128F429DB92,15
TRAIAJU128F42581EF,0
TRATMDD12903D11C7A,14
TRAQGNV128C7196894,14
TRAOWBP128F4257C64,2
TRAMIOX12903CB19A1,4
TRALHIQ12903D00496,2
TRBGJOG12903CC3E93,4
TRBHSDN128F4274E9F,17
TRASIKP128F423EED7,10
TRALROP128F92CA9CC,0
TRBFJGB128F42612B1,2
TRAZVMZ128F1476A87,3
TRAKGAX128F4264182,4
TRASPZQ128F933BBDA,10
TRAXWQU128F42716E2,15
TRADSQZ128F42707D7,2
TRBIJES12903CF5B12,2
TRALENK128F92F39E9,12
TRBCJSZ128E07969B5,2
TRAMBLO128F4287D24,15
TRALBIA128F4272082,12
TRAEHOI12903CD02C8,12
TRBGRIP128F147FCA6,14
TRBHJFG128F426C8EA,4
TRBAUBI128F424142E,15
TRADVSU128E0786371,0
TRAPDOI128F9327982,2
TRANZIL128F42A2670,12
TRAQXKZ128F429D175,15
TRALQGZ128F146F500,2
TRAPMRB128E078E21E,15
TRAIYAT128F931FEA5,4
TRAPYCR128F4289604,2
TRATJSR128F4266791,15
TRAKARY128F427253E,2
TRBHLBL12903D0137C,10
TRBFPEP128F14ADD52,14
TRBCUBV128F145F7E9,12
TRBDENV12903CC4FDA,0
TRAHLIF128F92E9CCF,2
TRAEXHW128F92E2602,15
TRADXCO128F426B26D,10
TRAOKVW128F429D82A,14
TRAJZCH128F933D2B7,2
TRBFNMG128F4278109,12
TRAIPZY128E0787299,12
TRAFGMJ128F930F532,0
TRBDSWA128F92FE70A,2
TRAPVYD12903CE0269,3
TRAICJQ12903CF2681,2
TRALECB128F42A35E8,14
TRAMDUJ12903D0728D,2
TRBBGDK128F427D450,2
TRAFTFF128F930F77C,3
TRBCMSO128F92E6AE5,8
TRAAGCZ128F93210FD,15
TRAOKXG128F4232497,2
TRAIIOG12903CD02C5,2
TRAODEJ12903CC4C53,14
TRABUZC128E078603F,15
TRACFOV128F9340D81,2
TRAHXEG128F428F1EC,14
TRAHKMS128F934B09E,3
TRBARCH128F92FB2A9,14
TRBGLRQ12903CA86EE,14
TRAJTDG128E0792698,15
TRAKMUO128F4215890,4
TRAHIPA128F4279744,2
TRADKAX128E0786B92,14
TRARRJL128F92DED0E,10
TRBAAOT128F4261A18,2
TRANULO128F422E6FE,2
TRAVGLC128F931535B,2
TRAGZHM12903CAEF3A,4
TRAIQMW128E07854BD,2
TRAVXBL128F42BB389,12
TRBCWGM128F428D6FD,14
TRBGGTE128F424ECBC,2
TRAXPHE128F92F4100,2
TRBDOEI128F9329AE5,4
TRBHJLT128F1460832,2
TRAYOQI128F92F0967,2
TRAQJOE128F92F1D58,14
TRABNEX128F92C9DEA,12
TRABEXK12903CCE19B,2
TRAHJPC128F4268DC7,4
TRADSVJ12903C9CDFA,14
TRADAYS12903CDBE0F,12
TRAESJK128E0792227,15
TRAWRWK128F4260B37,2
TRAEGAZ128F426240C,10
TRBIERO12903CC4BF5,4
TRAKTFQ128F145698C,15
TRBGZLM128F4221E63,0
TRBBDPA12903CCCA06,2
TRAUODU128F9307467,2
TRADFJJ128F934857E,4
TRAPEBL128F149E768,14
TRAEQWJ12903CF5475,4
TRBBZQM128F931A529,13
TRAFHKA128F429F7C0,12
TRAZSZD128F424AA49,6
TRANQNS128F42739D1,14
TRBATGR128F14AD2FA,2
TRAWWIK128E078D19C,14
TRAWOCY128F145B051,2
TRAEPZJ12903CB00C4,2
TRATCDG128F932B4D2,3
TRBGBIK128F4294A67,17
TRAATNJ128F42631BA,2
TRAXSWS128F4254E1A,0
TRAPOEA12903CDBB5F,14
TRADYJM128F427E05B,4
TRAMXPQ128F148B0C2,12
TRAJBGL128F145C7A8,14
TRAYGHE12903CD213E,16
TRBHOEV128F4279182,4
TRAPGKY128F42972A9,2
TRAAPPQ128F14961F5,0
TRAZOSB128F9302A07,14
TRBDTZX128F92DFA66,14
TRAQVUG128F4286DE3,8
TRBDMWS128F423A021,12
TRASSZL128F428FA5D,4
TRADXMA128F4276D94,15
TRAGZOK128F14ADF45,3
TRAUNNH12903CB038C,3
TRATMAL128F427EC8D,10
TRBDHUD128F934B032,12
TRAWNOH128F4287513,14
TRADWAU128F145622F,14
TRAPRQZ128F427E188,14
TRANBMY128F426416A,12
TRABYOS12903CC4A81,15
TRAFIQB128F423DCBA,12
TRARSAM128F4256E04,3
TRAGQBY128F42635B7,2
TRASXHB128F933D3BD,2
TRAHSTL128F931708D,2
TRAYUKR128F9344BB4,10
TRAJSOQ128F92C6A6B,4
TRAGDPH128F9344020,2
TRANGIY128F427FA51,14
TRAHKUS128F425ABD8,3
TRALHMS128F930C08C,3
TRACWFA128F4265BDF,12
TRBBJBO128F92EB2C5,0
TRACYOV128F92CB613,14
TRAVELY128F42606F8,15
TRAJMZL12903CA4807,15
TRAYLRT128F42605AF,2
TRAMCLN128F9302E27,14
TRBBUOJ128F92FC6F2,0
TRAYVLL128F9335B7A,4
TRBGPYK128F42796E1,10
TRBBLTV12903CC3C00,10
TRAWGLP128F92DE5AD,12
TRAZHZI128F930653D,0
TRALTKQ128F932DA67,12
TRAUWQL128F424696E,3
TRAWSJK128F42767F2,0
TRBDIMX128F147A307,2
TRAZXDC128F429874E,12
TRBDNNY128F147C34C,14
TRAWIGC128F4295A2F,17
TRALIIP128F4246C80,2
TRAPPUN128F429400B,14
TRAZKAG12903CD1918,2
TRARSAW12903C9EDEB,12
TRAUSBV128F9344D08,17
TRASAIH128F931F567,2
TRAGAVF128F424829B,14
TRASJRH12903CF2689,3
TRAXJIS12903CCAF92,9
TRAQBRP128F92DFCEF,12
TRAMFFW128F4263AD7,2
TRAGSZA128F146A11A,14
TRAGAGQ128E0781352,12
TRASGKM128F42644C5,15
TRASWIV128E0788A84,14
TRBHAUR128F147481A,14
TRASNDM128F92E17E7,2
TRBFSKB128F145C5B1,2
TRAPLMD128F932FF43,11
TRADFAQ128F428AC13,2
TRAINYU128F4246BD1,2
TRATNMX128F427C2FC,13
TRABTXS128F92E2FDC,14
TRAYLKH128F427BCCC,14
TRAISYO128E07888A6,14
TRANXKN128F1485A3F,14
TRBIGLR128F92E87DD,14
TRAIUYZ128F425BD2F,2
TRACFZI128E0795424,14
TRBGMAZ12903CC3707,10
TRAHWMN128F145DB77,4
TRBCGRI128F93355E9,0
TRAESQE128F92D0349,12
TRANVML128F426ACB2,2
TRBCKNP128F4222D54,15
TRAWSXV128F4273E35,15
TRANRFB128F1481F1E,12
TRAQZPC12903CDE0D5,2
TRANPWV128F9341281,3
TRAKVSG128EF34E609,10
TRAYTMY12903CE4E5A,2
TRBDODQ128F423A780,14
TRAGBPI128E0792998,2
TRANOXA12903CDB0ED,2
TRAENYD128F424AA32,3
TRAGDPS128F145F8EE,0
TRAHCHN128F4276D58,4
TRBDPHP128F92C2AE1,10
TRAAWGY128F4298A09,2
TRAULGT12903D10B94,14
TRATIRE128F42A667F,2
TRBFLOH128F42630E3,14
TRAPZZJ12903CC5190,12
TRAJHYF128F1451DDF,2
TRBAULO128F93300AE,2
TRBGGYE128F42B63AB,2
TRANIWL128F4262AB0,14
TRAQDBO128F92ED2AC,17
TRBBYOI128F4256732,2
TRANCOS128F4267DFB,2
TRACXGH128F931686C,0
TRBHZYO128E07862BE,15
TRBFTHM12903CCC8FD,14
TRBGSAQ128F1470B41,4
TRAKQXJ128F147A028,2
TRAZTBZ12903CFB6DA,14
TRABSAR128F42324A8,2
TRAFJVH128F42BC25E,15
TRABBOP128F931B50D,12
TRAAQUC128F9322A82,3
TRBAKRM128F4248228,14
TRBHYTA128F93425AC,4
TRARKGW128F92EB8F9,2
TRANIWM128F1495AB7,17
TRBBULA128F146E122,15
TRABXLH128F935F8E7,12
TRAIKBB128F428AD73,14
TRANPHV128F9344CC3,14
TRAJXOF128F933407C,4
TRANREH128F93462CF,11
TRAGFQG128F42418D5,15
TRADOSF128F9338ADB,4
TRBICGT128E0792473,12
TRBFANX128F42934C3,14
TRAXDBM128E0785BD8,2
TRADHXU12903CB4400,6
TRAZJRY128F92E9CD6,2
TRAULEG128F92F035B,7
TRANKYM128F428B7A4,4
TRAXOQP128F930DD49,12
TRAOIYM12903CDEF1E,12
TRBIIXI128F9344121,14
TRAXCZO12903CB819D,14
TRAOOHM128F1453E33,15
TRAGFOI128F428E060,2
TRALDEZ128F4265BF7,10
TRAAAEF128F4273421,14
TRASYVP12903D09590,14
TRAENVO128E0781A16,12
TRAHQYK128F426A82F,14
TRAPJFL128F42AA7B4,14
TRBFWTU128F4220AC5,14
TRBBEYU128F4235623,15
TRAUVTO128F4297AA2,4
TRAJHDR128F92FA863,3
TRASAQI128F426EEA3,2
TRBBFBZ128F42493ED,14
TRAHUZS12903C9D9DD,2
TRAVVBW128F42819B2,14
TRAZCOX128F42B6555,2
TRAMRFE128F4267DF3,12
TRANMOT128F92EFF19,2
TRBBMIF12903CA1EB0,12
TRBFDRD128F92F79D5,14
TRABJWA128F9309C09,2
TRAHVWT128F148D428,15
TRALJBT128F4266FD8,6
TRAMVMU128F4241923,15
TRARHFF128F933D378,14
TRBEDBC128F145B134,14
TRBDIZG12903CD68A3,2
TRAMKKJ128F1463612,2
TRAQTYT12903D134AC,14
TRAIQUG128F92F946E,3
TRANJSV128E0799689,2
TRAVYIU128F42625E1,2
TRADODV128F4283EB6,15
TRADNRU128F428AC6D,2
TRAZSCZ128F42554F4,2
TRAXOQD12903CDD59D,12
TRALLQX12903CD838C,2
TRAVJRC128F425D474,2
TRARAZI128F427F3B4,4
TRAIQVJ128F93235B3,13
TRAAIAX128F930531B,2
TRAVLXZ128F42A22E4,2
TRAFVDV128F42936BA,2
TRAHXJE12903CB8095,13
TRABPUI12903CF22CE,17
TRASZSF128F428B8F3,2
TRASLVU128F933B160,12
TRAIGYC128F93474E4,4
TRAIZUC12903CBBEAC,17
TRATCOE128F145F694,4
TRAZWFF128F42508A6,14
TRAUOUZ128E078F8BB,15
TRAKRXM128F4250E33,2
TRAQACB128F4263F7B,14
TRAVWTN128F425D2D5,12
TRBATEY128F4285370,14
TRAHTZN128F421A41F,14
TRALPGW12903CAFFB5,2
TRBEIKK128F14628D6,2
TRAVGKM128F92C58B4,2
TRANVMD128F933AC4A,14
TRBBBMT128F42A0A4E,15
TRBEIAM12903CF4476,0
TRAZJOI12903CDA550,2
TRAMLQC128F429222A,10
TRAQAMG128F934AED9,6
TRASVNS128E07855BF,2
TRAOJZC128F14932D5,14
TRARODV128F1460DBC,12
TRABSEN128F424AA36,2
TRAQEKD128F425293D,14
TRAVWYR128F92DED0F,10
TRAYJOF128F92F9EEA,14
TRBHEBY128F148CF2B,14
TRAOCSX128F92FDD48,17
TRBDCAB128F92F7EE4,2
TRBAHBP128F42985D6,3
TRAMNVF128F92DE562,17
TRAGHJX128F426F76F,14
TRBGWWM12903CCE627,2
TRARFAZ128F93481AD,7
TRAWODX128F42AC413,2
TRAYKTU128F934C82A,12
TRBHSWH12903D07A35,10
TRAVMZX128F14AB117,10
TRAILKS128F14A3AC9,15
TRAZACV128F426983D,2
TRAJCLY128F930F893,15
TRBBTDV128F934F6B1,14
TRAECSU128F426A84A,2
TRBEIVC128F9320E95,14
TRAKZMB128F427B44F,14
TRAAJJG128F4284B27,14
TRBDITK128F931B9A7,15
TRBEOUP12903CF652E,13
TRAPDIO128F933C680,12
TRBFMFO128F421BFD4,4
TRAUSFP128F42A6BEE,15
TRAJHCO128F42570C1,12
TRAKRQW128F427D6E3,12
TRATHVA128F9322A79,15
TRAPMRV128F92F5F4C,12
TRBFDGT128E0786A25,2
TRABQZK128F92F54F4,4
TRAVHCL128F93015C4,14
TRAMCGL128F92F3D87,3
TRAYXDI128F428CD9C,11
TRABNET128F14560AC,13
TRANAYD128F9322A70,15
TRBFNBC12903CA9800,12
TRBGPZX128F4285105,4
TRBEHNT128E0792546,12
TRAXAHC128F421D3C3,15
TRAMPWN128F934C221,3
TRAJDRG128F4217923,14
TRAMVBZ12903CB2635,2
TRBEATE128E078F0D8,14
TRARINE128F4280B9C,12
TRAYIUY128F4289952,13
TRAQHWF128F146FF11,2
TRABPJW128F147295E,4
TRADRNN128F92F7172,15
TRAJTYX128F145AD24,14
TRANNCZ128F92F1D22,2
TRACLHC128F9343C39,12
TRAEZFJ128F422A5C0,15
TRANCCN128E0794B18,3
TRAIHFF128EF351817,2
TRATCUY128F9308A38,6
TRAFAJC128E078888B,2
TRANZRO128F4278401,12
TRAZSJY128F92CCEA0,2
TRAGEAS128F4258B9E,2
TRAGWJK12903CE640F,15
TRBGFLG128F1465AFD,13
TRBEAWP128F422B4D1,2
TRAXRSK128F42B44D2,0
TRASRBB128F42AFD5C,2
TRAQUWF128E07924E4,15
TRAFDFD128F14B07AB,11
TRACFAP128E07862C1,15
TRADJGI128F148B0F6,14
TRAKXYJ128F42525ED,14
TRAWUUP12903CEF2F9,2
TRAQYZI128F4273CF3,12
TRAMTIH128F933E8E4,2
TRAJFFF128F429874A,14
TRAOZPS128F93369C3,15
TRAVYVD128F4237876,17
TRBGFUW12903CA0E6B,14
TRAQHHV128F92E0787,0
TRADJSM128F14894AA,16
TRATAIB128F92E81CB,0
TRAKTWZ128EF35E206,14
TRALPKG12903CDCA8A,2
TRAUSKE128F930FB12,14
TRAZRKK12903CD7385,14
TRAWSSL12903CC4734,14
TRANGQX128F422F1DE,2
TRBELDP128F427EDD0,12
TRAKUKL128F4295046,4
TRAPIJO128EF3681CA,2
TRAQJMP128F92E3821,14
TRAYZXT128F42650B1,4
TRANCFS12903C9B61B,2
TRARFQL128F931E523,12
TRBGNCL128F428F56F,14
TRACJWY12903CB7DBF,2
TRBDVZL128F92F579F,12
TRADFOJ128F425107D,11
TRADESF128F4214D8E,12
TRBGFXC12903D01967,2
TRAAPGF128F1458F8B,14
TRBCYEC128F423A352,2
TRAHRRS128F4282F7A,2
TRBAEJD128F4264B50,12
TRASARO128F145E40F,3
TRAAIHL128F92E6DDA,14
TRAKAGL128F148B3B7,12
TRASKII128F92FA33E,2
TRAECWI128F4226133,0
TRAYEGN128F9361233,14
TRBHGDD128F1486C2E,12
TRADOZB128F42312BB,14
TRBDKQI128F1465028,2
TRAPQQI128F1460D64,12
TRASMER128F4272C1D,4
TRAHBOV128F92EF77A,8
TRAWVNL128F9327983,12
TRAKOAK128F4248629,12
TRALRPL12903CA71F2,2
TRBHKKJ128F427A3B1,15
TRAZOEU128F92E28DD,2
TRANOPO128F4217958,14
TRBAOJU128F42621E6,16
TRBARHH128E078EDE9,12
TRAAOJI128F1458DCD,11
TRAHNPU128F42AEE9C,12
TRAMDQZ128F4249913,12
TRAGDRH128F93182E1,17
TRAXEHW128F423E590,12
TRBFVZI128F147FCAF,14
TRBCWOW128F1467692,15
TRAQVOG128F9340E58,2
TRARFQY12903CA07B6,14
TRARRQO128F427B5F5,2
TRBEBYV128F14A0B65,11
TRBECUJ128F14B0BA7,3
TRAYDZS128F4288459,7
TRBEYJR128F4292651,12
TRAONPF128F42480A7,15
TRBBOUN128F425A4E6,2
TRAXWLM128F1453E3B,12
TRAAGEC128E079252C,14
TRANIUD12903CCE692,14
TRBAIAW128F92C5652,13
TRAJIUK128F42668E6,15
TRASZQB12903CAAE1B,14
TRAAJJA12903CC518A,15
TRBBJFO12903D074EE,15
TRAIELD128F92DC682,15
TRAYNVX128F933091B,4
TRAQDZZ128F42AF66A,15
TRAONNA128F4268CCA,15
TRAAVGB12903CFAA99,2
TRALSOA128F4275F49,4
TRATWYC12903CE60D6,2
TRBGTZD128EF34B6C3,2
TRAVUAJ128E078EDA2,14
TRBETHV128F429722F,4
TRBGWGD128F42418B2,2
TRBCJIX128F424F99E,17
TRABOOL128F426E836,2
TRAKPSR128F146A1DC,6
TRBEKGR128F425DA44,2
TRAQPFR12903CC26CF,2
TRAAGGE128F9325E2C,2
TRBGMWQ12903CC23CD,3
TRAIATD128F9331CD6,14
TRAJPIK128F1460C83,15
TRAGTNK128F14732E1,14
TRAJRBF12903CDCA3F,2
TRAORSC128F4235056,2
TRAOSDM128F93085C0,11
TRAZYVR128F4280A24,3
TRAMWOH12903CA8BA0,17
TRAPVBP128F9308A86,4
TRBFCWN128F92D5E03,15
TRAHWSF128F934B190,2
TRBCVPD12903CECBE8,12
TRAFQFM128E078EC97,15
TRAYQCQ12903C99425,2
TRAKLEZ128F4270649,2
TRBDROB128F93093CA,4
TRAGBOR128F92E1064,3
TRAPAES128E0786E60,15
TRASTBU12903CC3EA8,4
TRBAMFR128F4287A3C,13
TRBDRIN128F9308ABF,4
TRAWQSO128F424E2F9,2
TRAUUIF128F93232FE,14
TRAGTUF128F42297F1,2
TRAGDCN128F92F9050,14
TRANLRX128F4259030,14
TRABLLK128F428FFAF,13
TRARPGY128F425D48D,2
TRBGLAD128F9343692,5
TRBGKGR128F92EE206,17
TRBCJQH128F1497A7B,2
TRAAAFD128F92F423A,2
TRAEASY128F148247C,10
TRAKWXS128F930F798,14
TRBGJDW128F4292EDB,15
TRAYGBT12903CF5DF0,2
TRAPSMF12903CD05E7,2
TRAOJNB128F147C52F,2
TRAWDOU128F146D770,12
TRAZUVK12903C9ACBA,14
TRBEXUF128F92DF175,14
TRBAJRL128F1482E66,2
TRANGCR128F148CF28,14
TRAOUOI128F4290E44,2
TRAKAFU12903CB4234,14
TRANEQB128F4284978,14
TRAEVRI128F93608F3,2
TRAKWTG128F42454E2,0
TRBHTSP128F9307CC3,9
TRAVXUN12903CAC564,2
TRBIHAU128F425C317,2
TRANIJQ128F4298A10,12
TRASSZI128F146EC5F,2
TRBFMTO128F9322AE7,14
TRBHWOM128F9322A72,2
TRATQDK128F1489B3E,2
TRAAABD128F429CF47,14
TRBFLFI128F427F374,14
TRBEIRT128F42A6680,2
TRAMODP128F426247B,15
TRBCRDW128F422D8BA,3
TRAPYML128F423DF98,1
TRAXWDS12903CEE35E,2
TRBAYER128F933D3B7,15
TRAPESV128F92FE5E9,14
TRBBXML128F4256DFF,3
TRAQSWI128F9343039,12
TRAJIIR128F149AE01,4
TRBIBVM128F4262E9D,11
TRAWCGS128F934BE2F,2
TRADHGK128F428A000,15
TRAAJEK128F422F55A,12
TRAYICR128F4282520,12
TRAKDCQ128F42A247A,15
TRAEGUL128E078B0C1,2
TRADYQK128F42A762A,2
TRANYLM128F1477EC9,0
TRAUOPE128EF367610,2
TRAWGKB128F4268327,2
TRAJPPX128F4259FD4,14
TRAFKDG12903CAB85C,14
TRBFJPO128F4295BE3,17
TRATNKU128F92F60C1,2
TRACRON12903CB59E6,14
TRADAFY128F145B77B,17
TRAKWZL128F93346EE,2
TRAQGLM128EF356DEA,2
TRBBIBE128F4226E29,15
TRBBKLD128F424ABF5,2
TRBGRGT12903CC5019,2
TRBDFCT128F4285E05,12
TRAMESI128F93509F7,2
TRAAGMJ12903CAD7D4,10
TRAJFDU128F426A5F4,14
TRAPEPI128F4226DDD,10
TRAPFXX128E0785EBA,12
TRAOXXW128F92E8C86,12
TRAOHJU128E0780CD2,2
TRAWWHT128F426894E,11
TRAZWGV128F425DA7C,14
TRAWCIS128F428CFD1,2
TRAILNM12903CD17D2,15
TRAFHJI128F9302CFF,15
TRAEMNZ128F9334662,14
TRAPYVH128F428CFD7,12
TRAVROF128F421AC2D,2
TRADRHX12903CCD1DF,2
TRABYAR128F931B1A4,14
TRAHIJE128F4243356,14
TRALPQV128F424F989,17
TRBAWKB128F931BAEE,2
TRAASGM128EF34DBB0,15
TRAYSMW128F1468307,2
TRAXLYT128F9348137,15
TRBHYIK128F92E210B,2
TRAVLWL128F424EF6A,3
TRAMGZV128F426FAB3,2
TRARWLR128F4256B07,14
TRBBMXI128F428CCD1,3
TRBBICL128F42ADFD3,7
TRAQKVC128F425E65C,15
TRAZEYQ12903C9D099,14
TRBEAMO128F425B75F,14
TRAWIJG128F42B502C,2
TRAGLFE128F428566B,10
TRARMUZ128F14AA0EA,12
TRAFXZW128F14B0914,14
TRAWCJY128F146A1D5,14
TRACCEJ128F93257ED,2
TRALAKV12903CBD7F6,2
TRBABAC128E07852A8,3
TRBAMEV128F148C814,14
TRAZIQB128F934B755,14
TRARBJW128E0788A1A,14
TRAVFEW128F92E2B47,12
TRAOMVL128F14662F1,4
TRBDVLN128E078C6FB,3
TRBAHID128F4278EAF,2
TRAOETQ128F92F9C27,14
TRBDLLL128F9331D6E,2
TRAEPPP128F92F11E8,14
TRAHHMV12903CD0B0D,14
TRBFJKU12903CEDB0C,2
TRADHUZ128F148885D,10
TRAXUHM128E078900C,12
TRACLRS12903CE9386,14
TRASTOM12903CBE8A6,2
TRAGLKL12903CEDE95,2
TRAIDIU128F92F11C7,14
TRAIJMG12903D08168,14
TRBDMCC128F9358267,15
TRALPOE128F4272278,4
TRASXSI128F9345EA2,2
TRBEKGF12903CBE1C6,14
TRBFVOP12903CF0DFA,13
TRAPIIR128F42AEE95,12
TRAHZMM128E07838FF,14
TRAUOXB128F146573B,10
TRAEOBA12903CAFAB0,3
TRBFVAA128F423C356,6
TRAUFDN128E07926A5,15
TRASVXI12903CF98CD,2
TRANUME128E0789D4C,10
TRADDBK128F1483FF8,0
TRASYSY128F92F39F5,15
TRASLVK128F935046C,4
TRAVKJJ128F424DA32,2
TRAEBXS128F429933A,12
TRAYAKN128F9330A65,2
TRAASUZ128F9314950,2
TRBBYDT128F14805B4,15
TRBEHGH128E078DEDE,15
TRBGPWE128F421CCB4,2
TRASYQQ128F425092B,15
TRALBFX12903D00703,2
TRAYOXN128E07926A8,14
TRABHVL128F92EFB0E,14
TRAUEWN128F932C32C,15
TRBHNEU128F426E873,2
TRAYTME128F423DC95,12
TRARANL128F1478789,14
TRAOZEJ128F428CCEA,15
TRBHUVB128F148ADB8,14
TRAQBVO128F425D1F9,4
TRBBLFA12903CDC496,2
TRAVZWX128F92EC110,2
TRAGPEA128F422B47E,14
TRBDIOP128EF35F99C,14
TRAQHCG128E07951DA,15
TRARMUI128F147162F,12
TRARCNT12903CC4767,8
TRBEYEO128F9308A8D,4
TRAHOOP128F42B62AB,15
TRAGDVU12903CDCD8B,12
TRAKHYP128E0792F07,2
TRANIPA128F93151A2,14
TRBGWJB128F4275C7B,13
TRARKEH128F1463CB2,14
TRAAWOR128F92DF3C8,14
TRAXSWX128E0792BEF,12
TRAIOWX128F14750E5,15
TRAIAIH128F9308AC7,4
TRBCYOI128F1455566,15
TRAZDKY128F4235130,17
TRABBXU128F92FEF48,13
TRAYBTO128F932008B,2
TRBEBUU128F92C945D,15
TRAGQQK128F42561AB,17
TRAHXGG128F9350452,14
TRAJOIH128F14B08F7,2
TRAGWTT128F148CF2C,2
TRBBEQY128F42373AF,14
TRBAXUW128F933BBD9,10
TRAKRXN128F42670BE,14
TRAQRFD128F9322DE6,4
TRBHSMF128F4285B9C,2
TRAIZWI128F4247EFD,2
TRBGODE128E0785BC8,14
TRANUSB128F9343695,10
TRAYUCR128F92E574F,6
TRAIVVQ128F146AB17,2
TRAPVGB128F42725AF,2
TRAUCZX128F149D9AE,12
TRBBPSX128F93332EE,4
TRBBTLA128F4226907,10
TRAGEXH12903CB4C10,2
TRAEPAC12903CE5DC8,14
TRAZEDS128F14836FE,4
TRAFQVV128F4260033,2
TRBAZYH128F4288198,2
TRAGYDZ12903D0957F,2
TRAQPKX128F428146D,8
TRAAUEO128E0780CB9,2
TRAAMYQ128F148B753,14
TRAPJPD128F14572B3,2
TRBHQXZ128F42408ED,14
TRARTSA128F4291550,12
TRBFGFF12903CF4183,4
TRBBFUA128F933AB95,4
TRBBTZW12903CE7495,12
TRBCVFF128F4222C3C,14
TRAYPFH128E07937C3,14
TRATDDM128F93417AF,4
TRAPTHJ128F92C70D6,2
TRAKXPE128F1462FF2,2
TRAOLGV12903CB4229,3
TRAUSYQ12903CE5242,3
TRBCGET128F9315E90,12
TRASTZY128F145B055,14
TRAAXMX128F9307699,12
TRANKIL128F1476FA2,3
TRBBCJH128F930C970,12
TRAGHBP128E0793AF7,2
TRAKPSJ128F146BFC2,17
TRAFWEV128F428D391,0
TRBBEJC128F4281471,12
TRATQSL128F932E2ED,2
TRAGYKT128F92F5D8A,4
TRBHKCL128F425A036,15
TRANVKJ128F92F1561,12
TRAQLIE128F931C3F3,13
TRARLTG12903CF06FD,17
TRBCIEV12903CE60F1,12
TRATWUD128F9309671,14
TRANWBG128F934AC15,0
TRACZJA128F429E665,2
TRAXUIZ12903CDF737,12
TRACOTY128F930BCFA,12
TRAPVRU128F9302300,2
TRAWEFD12903CBADE8,12
TRAFZHK128F145E86B,14
TRAGKMU128F429757E,2
TRAVGNH128F428CBA9,2
TRBIBTU128F92FDC9D,2
TRAYIUG12903CC7E3C,4
TRBBJVE128F9303F10,14
TRAKXPA12903CA8B1A,2
TRAPSHW128F14560A6,13
TRAUWRW128F9358C69,15
TRAUTCA128F429B624,15
TRAAIII128F427D5D8,12
TRAPGFN12903CB5BAC,14
TRALDWN128EF33FB6E,13
TRACASH128F931C969,14
TRBANCJ128F42812AE,15
TRBBHPQ128F145A7F8,15
TRAIWZZ128F9306AFF,14
TRACISV12903D13877,15
TRBADGN128F42AA534,4
TRAJDTK128F429FFDF,2
TRAGSIX128F92E0933,3
TRALLOU12903CC36FE,10
TRBBMAL128F146B288,4
TRAAMFG128F92FDEA2,2
TRACRVJ128F14661D6,12
TRAADNA128F9331246,6
TRASIWA12903CFFC4D,9
TRANQRQ12903CC4BBB,14
TRBHUPU128F4230F81,0
TRAWRHQ128F1495E6B,17
TRAOJEW128F4294CBD,15
TRAYDYV128F42906E1,14
TRBCSDW128F424D686,1
TRAGETA128F4272C38,4
TRAWBVQ128F149ADFD,9
TRAABVM128F92CA9DC,2
TRANRGP128F1465737,6
TRAWUJY128F9342A56,3
TRAVWZA128F931F36E,3
TRBEISL128F931B107,1
TRAZRXP12903CBD6A9,14
TRACUCQ128F92FFBF7,6
TRAIFSM128F42722F1,2
TRACUCT128F422BC2F,14
TRAZSVT128F92DEC7B,10
TRAYUWU128F423F66D,15
TRACSBL128F42480E8,12
TRANCSE128F93044F1,4
TRAYTDZ128F93146E3,12
TRAADQX128F422B4CF,2
TRAIISE128F42AE299,2
TRAMMAF128F93051B0,15
TRACBWP128C7196948,14
TRBIIOT128F423C594,3
TRAWSYF128F149431A,8
TRBCLGH12903CCA1D0,14
TRAPIPG128F42521C6,4
TRALAZG128F93170BF,4
TRALJKN128F92C5F5E,12
TRALRTY128F428BE43,14
TRAFCWJ128F42515AE,2
TRBEQFT128F4238A28,15
TRASXYB128F428DFF3,15
TRACOSS12903CE4724,0
TRBECBY128F148B6F3,12
TRAGKUI128F92F4698,0
TRAADYB128F92D7E73,2
TRBCGKN128F4269BD4,0
TRAUGYG128F428A174,0
TRAGLSU128F145FFB2,15
TRAHFOU128F42B3F2A,15
TRAGDEA128F4279040,4
TRARJEK128F930B3AA,2
TRBDLXE128F9310E95,0
TRAMOGA12903CB4421,14
TRBDHKL128F426BE45,12
TRAYGYF128F930CA01,2
TRBFGDW128F4261FA6,12
TRAZKPM12903CE9664,13
TRAGNGY12903C9CD76,8
TRBDFMM128F42A63D0,15
TRALFBU12903CC030F,14
TRABRMZ128F4261DED,4
TRAEWHH128F428F3AB,2
TRAFOKY128F4276D91,15
TRALLKK128F427B064,12
TRAKCFG128F149D9B7,14
TRBIFUD128F1495AE2,15
TRBBWDJ128F42595D5,11
TRAUYLT128F427538E,14
TRBBOME12903CC3862,2
TRAWABF128F92EC63A,10
TRAZPYG128F4288AC3,15
TRAEMGL128F4266177,10
TRAVBCR128F933AE8E,3
TRBAHED128F426A1C2,15
TRBHIVF128E078DB92,2
TRAUXEL128F42683D5,3
TRATKAA128F426E8A0,2
TRBHGUK128E078E031,2
TRAQQUC128F9314732,3
TRBBQPP128F92EE611,12
TRADXNV128F42B4DFE,15
TRAHVZW128F146477A,2
TRBBXMC128F422C330,12
TRAMOLS128F92F99E3,14
TRAVANT128F92E3F71,2
TRBEBNV128F423783D,2
TRAYQKQ128F1491182,15
TRAIACZ128F428C60A,2
TRAWPNC128F92EAA90,4
TRAHCBD128F9336A3E,2
TRANJMO128F425C44D,10
TRALIQF128F930B7B0,17
TRBHCQA128F149F192,14
TRADGLP128F427A172,4
TRADJAO128F146D76E,2
TRAYFPK128E07850DC,2
TRAEQZR128F92E9D73,12
TRBGXHS128F426B568,10
TRADAZP12903D0A480,15
TRBFPRL128F14569B9,0
TRAVVEB128F934DD34,15
TRBBJAJ128F425DA40,12
TRAZXBO128F429DA70,14
TRAHYDH128F9325200,12
TRAWGXD128F428A36B,12
TRAXDNU128F9341CDE,14
TRAGBND128F92FC400,10
TRBAIKM12903CBCF21,12
TRBHUUZ128F425C46F,10
TRAFYGA128F425A92C,12
TRAYADL128F14A4735,14
TRACFWQ12903CF8148,10
TRBAMXF128F1470AD6,2
TRBIGRU128F145B139,2
TRAEHNA128F423786C,17
TRAHPBE128F93071CF,2
TRAXDRW128F428A030,2
TRBBDXO128F14A4737,2
TRADFQK128F422B492,12
TRABKBS128F42823EC,15
TRBBQJZ128F92C5AF2,0
TRADMFK12903CC2478,2
TRBAXDP12903CD1922,2
TRAVQBP128F145BB9B,14
TRANSUM128F92E8DF3,14
TRAPMTY128F1459DA1,14
TRBHCXR128F92E7D0E,14
TRAPSJN128F422AF18,2
TRARXMV128F92F59C8,17
TRASGMH128F14B04A3,2
TRAOCPF128F4297319,15
TRACRTS128F9300F7E,0
TRAMDUW12903CB5100,14
TRBHIJC128F92E55E2,12
TRACTLX128F42A51F6,3
TRAQNEC128F14ADF01,0
TRBEIBI12903CBD2B6,14
TRAIQDI128F92E8E1F,14
TRBGGFE128E0785AC0,15
TRABZCL128E0789AED,14
TRBIDUD128F92FA11C,12
TRBGQKE128F425EDC9,14
TRBESGH128E0788912,3
TRANPDG128F930F4FE,2
TRAGBHV128F4295074,14
TRAMCGR128F427DE28,4
TRANEMQ128F42A10A8,3
TRAGCTZ128F4290974,12
TRAGJYM128F934B753,2
TRBANHO128F93466AF,10
TRBFYJE128F14A8ABF,2
TRAIOBB128F146A944,10
TRBECAL128F4270F27,14
TRAGSGF128E0780CA7,2
TRATHTH128F42BC347,12
TRAGLMS128F425FE0A,13
TRAYEKM128F92FB049,2
TRAMRQS12903D0FD39,14
TRAMUUZ128F933CA08,15
TRANPLE128F9322D6F,7
TRAHSAW128F4253EFC,2
TRAIHZO12903CC4C78,2
TRAZDPO128E078ECE6,14
TRBACUF128F4247F8C,12
TRAXJVO128F42AC534,14
TRBEVTM128F92FE2B2,8
TRBAVLT128F428F147,2
TRAWTKK128F92C25D0,14
TRBFIUJ12903CFEB7C,3
TRBFRZX128F9341EAE,15
TRAOWXO128E0783F68,14
TRABEKF128F42765FF,2
TRAPZJQ128F428A022,2
TRBATSC128F427D709,4
TRAZORC128F426C323,2
TRAISYU128F427F486,2
TRAOBQP12903CC4A7B,2
TRALOBE12903CDA6C5,2
TRACDCZ128F4285AE0,2
TRAMSSA128F92F60D1,12
TRANRWM128F42873F9,3
TRACMHD128F931FB14,2
TRBFAKP128F148B600,12
TRAGYXL128F92F9FCB,14
TRAQGMY128F425A2F5,2
TRAABJV128F1460C49,12
TRBHSVR128F9324499,2
TRAFGKU128F42889EF,4
TRALZIG12903CBCD0C,2
TRAFUWI128F934C730,3
TRADGWP128F42618E4,0
TRAAHEG128E07861C3,15
TRAFZIM128F427D344,15
TRACTUH128F92C93A3,2
TRAURGF128F427E9B5,4
TRBFHQG128F93092E5,3
TRAUJOU128F9325DE7,14
TRABUDK128F14943F3,12
TRAPMTM128F425B4E5,12
TRAJNFM128F42A625C,4
TRAGCSY128F14546B1,14
TRAQEOG128F9353981,2
TRALOUF128F422F329,2
TRAGLHT12903CCDB86,10
TRAKZHN128F426C3D2,12
TRAMBPW128F9337F71,4
TRAMGPM128F9311196,14
TRAYWHE128F92E9D6A,14
TRAKOXF128F1477B81,12
TRAMOPU128E07888FD,3
TRAFRKU128F933CE16,2
TRAYLEA128F42B9487,15
TRAGVAO128F4289B5D,15
TRAUGRD128F425E997,2
TRAZVZJ128F92EF28A,2
TRAFQFD128F9343706,15
TRBFMGE12903CDECE5,10
TRACKAP128F425B741,14
TRBCULX128F92F5CB3,4
TRANPUZ128F422B236,14
TRAVGFT128F424278B,4
TRANADU128F9345BC8,14
TRAWOHD128F148D176,2
TRAESDC12903CCEA5E,14
TRAJEBQ128F146E00E,14
TRALLRJ128F428CB6F,2
TRAJCIR128F146ABA7,3
TRBBAHD128F428E0FE,2
TRBBWNS128F426F760,2
TRADOWO12903CD9BA2,2
TRAXQDR128F4260194,4
TRANLHL12903CF88E5,2
TRAEPGH128F9343CD8,4
TRARQWJ128F92E9CCA,2
TRBBMDA12903CB688E,14
TRAGANK128F428A5CD,12
TRBEFFG128E0793C24,2
TRAZSRV128F1452866,12
TRBBYFJ128F42A22D4,13
TRAZVVV128F428A033,2
TRAPOYU128F42644C3,14
TRAJHCS128F93192B5,10
TRBGICJ128F427BA9A,17
TRAEOMS128F4262357,3
TRBFVMO128F14537D3,15
TRANUUK128E0788284,4
TRAZRKX12903D0C4DB,14
TRAXLLN128F428B982,12
TRAUYZG12903CDA4E9,14
TRAQKPR128F427DDF8,10
TRAGKMU128F9305831,14
TRBCUPT128F1462B73,2
TRAUZFY128F42BCE57,14
TRAVZDX128F92ECF9B,17
TRBDMAU128F935960B,12
TRAGDLM128F4233397,4
TRADCIM128F427A3A1,15
TRAAUZX128F92F3D53,15
TRAXDAH128F422BBFC,2
TRAOCOE128F4276D18,14
TRAXBUJ128F4247432,15
TRBAHEH128F9327D39,12
TRADGXI128F92EF28F,14
TRBCGXN128F148C0CD,6
TRBAYEM12903CAC072,2
TRAKOEB128F1478783,3
TRBEAXZ128F424347B,14
TRAUIBK128F9345A79,2
TRBGNNC128F148D427,15
TRAMIUD128E07825DB,2
TRADABC128F4274FCC,4
TRAKIJI128F42494D1,2
TRAAJYX128F4255568,12
TRAHZIL12903CF1DC2,12
TRADZQV128F14A5760,8
TRAMTFQ128F9352EDB,17
TRAASQC128F93480F0,2
TRAIQNF128F428386A,12
TRBFSPZ12903CB5230,14
TRASPAS128E078DFB3,12
TRARUOP12903CF2384,14
TRBBOBQ12903CC5186,11
TRAXALK128F1462FF7,2
TRBDBJM128F1456D2D,3
TRBDSXV128F92F5B43,14
TRAJBTZ12903CB818C,12
TRAFRVU128F42649A6,12
TRAYCVB128F92EB7B0,14
TRAEUIW12903D018F0,14
TRANIVG128F1484DED,14
TRACVFF12903CF055A,14
TRBFUSW128F92D0357,14
TRBABRR128F427D982,4
TRAPQLQ128F92DA284,4
TRAIUPS128F92F2825,3
TRBCWYJ128F93213A1,2
TRAIBXJ128F4260700,15
TRABMZZ128F4249C60,2
TRALLQJ128F933C68A,14
TRAXRWA128F42464CD,11
TRBEWTY12903CB4779,14
TRASODE128F930F19A,2
TRANYLR128F933D81F,15
TRAMBHU128F425A620,12
TRAUTXO128F4263C8E,2
TRARPTJ12903CE2898,3
TRAQAIW12903C9B61E,2
TRBBHFE12903CA5EEB,14
TRAFTMA128F933A3D7,4
TRAEFUS12903CC2779,12
TRAPGYN128F92C40CC,14
TRAOORD12903CCD128,14
TRAEARU128E0781A02,2
TRACHKX128F934B07A,2
TRATHFM128F148ADD4,2
TRADRJK128E078F041,3
TRAWJPF128F42626DB,14
TRBBNNS128F931C83D,10
TRAVFPH128F42621EE,14
TRALFLE128F92E166E,15
TRBFKNY128F92E0FF2,10
TRAAGHM128EF35CF8E,14
TRAHPHY128F9345BA0,14
TRAPCHT128F4239830,2
TRAVTEH128E07953EA,2
TRASSXN128F4261DF1,4
TRAUIMO128F147C31C,3
TRBFLER128F148C52B,2
TRALYLQ128F42710D6,15
TRBGMUA128F92E9A1C,15
TRAILLW128F4278C90,10
TRAJJPB128F1456D6A,15
TRAPAZE128F4233355,3
TRAETYC128F933BBF4,10
TRAEVTK128F9337030,2
TRBHYYH128F42390AC,3
TRBBMLR128F1466822,2
TRAKWXV128F42889FB,12
TRADQJL128F92D9957,2
TRAEADK128F4270AA6,0
TRAPNII12903CEA4F8,12
TRBFVZZ128F92FD7B5,4
TRBDVVT128F4279D11,15
TRAZFYU128F93569C6,2
TRAWYDB12903CC4519,4
TRARXVP12903CF39FE,15
TRAFIHK12903CBDFF1,2
TRBDVCW128F427C875,4
TRAQTKV128F427BFA5,12
TRBAHJW128F92CC8B4,2
TRBHUEU12903CB049A,14
TRAKMGY128F4269E37,12
TRAXXIT128F4263075,12
TRAAUMN128F4273561,15
TRAYMFR12903D09540,14
TRAABLR128F423B7E3,14
TRAPGOC128F932F01A,12
TRBAOBO128F1456D66,15
TRBHFBL128F14537D2,15
TRAWHTB128F92FE5B8,10
TRANPKC128F93486B9,14
TRAHFAH12903CA7F20,2
TRAENGX12903CBDFF6,2
TRBHTOR128F428CADE,12
TRABIZY128F933C696,14
TRAYUCR128E078EE0F,15
TRADWOB12903C9D1EB,3
TRBGHJG128F428ADB4,12
TRAEFON128E078C6F8,12
TRAAJMH128E0785407,14
TRAMSAY128F92ED0DD,14
TRAMUYQ128F428CA58,2
TRAEMDH128F146B548,4
TRAFYYU128F4229376,15
TRAVDQQ128F421B864,2
TRBENZB128F429C5FD,2
TRAUEYX12903CEAF48,2
TRAUWFN128F1462E09,2
TRAJSNU128F92F2AC0,14
TRBIGTG128F92EDBAC,14
TRARIIY128F147187D,14
TRAJZYI128F424B412,15
TRAULJK128F4294B58,7
TRAKUJS128F14668E5,2
TRAPHAH128F42677A4,12
TRBETVK128F4288B49,12
TRBCKEI128F92FE542,17
TRATJXC128F93124CE,2
TRAUJLJ128E0784E7C,12
TRAZRBR128E0782989,2
TRAERPT128F931103E,14
TRBCSSP128F933B1D2,2
TRALDUE128F9312AF2,14
TRAOVDM128F42BAA66,4
TRBBVNR128E078E1E4,12
TRBHMMC128F424991B,0
TRAEUVH128F422559A,4
TRAURHK12903CA60F8,10
TRAPKBI128F92F9D33,12
TRAKFSV128F4257C10,7
TRAJSQA128F4263330,10
TRABCIX128F4265903,14
TRBGHVM128F146B47A,4
TRAFISG128F4263F8A,13
TRAGMXK128F9305A50,4
TRBAFBU128F427EFCE,2
TRARFKP12903CF5DF1,3
TRBCHSH128F93304E1,15
TRBFWYX128F145F889,15
TRALUAQ128F427EB26,15
TRAGVRL128F4264526,14
TRBGUUE128F1494FB6,2
TRAYWLI128F9300223,2
TRASIKR128F9308AD7,4
TRAAHZP12903CA25F4,15
TRBGGRK128F422CA7F,17
TRBEOMZ12903CBCD33,14
TRAQDYJ128F14989F8,2
TRAZLVR128E078F044,12
TRBAAOC128F42A6BEA,15
TRABGMB12903CF50FE,17
TRALJAZ128F933DE4A,15
TRACMXG12903CA2541,2
TRAWOBG128F93256C6,12
TRADJHU128F425459F,14
TRAADLH12903CA70EE,0
TRBEYYM128F1493C56,2
TRALGJT12903CC460F,15
TRATCAZ128F4284985,2
TRAECBR128F429F8C0,14
TRBDEXM128F4291A7F,2
TRAAQIH128F428BDEA,15
TRAWGYK128F42B847B,14
TRAOLOX128F422F02B,12
TRAMEDG128E07933F4,14
TRAMWJH128F145DBE9,12
TRBFWSP128F92F29B4,12
TRAEXTM128E07811E1,12
TRBHDTL128F1468F7D,2
TRAFRYJ128F92E638B,2
TRBHJAY128F14A9061,6
TRAXHQZ128F4278712,4
TRASAEN128F4266178,10
TRBCNWM128F92D50EC,15
TRAHEQC128F42153D6,4
TRAZSVJ128E0785129,0
TRAWIGT128F427448E,4
TRAYMKM128F4277046,2
TRALEER128F4268E6D,15
TRATMFC12903CC8D96,14
TRAXPEN128F933F4DC,12
TRAWYTV128F429DEE8,13
TRAREGG128F425A5D8,2
TRBBPPB128F14AB242,4
TRBENTT128E0781C26,2
TRAMMQW128F42621E1,2
TRAAKAS128F4246013,2
TRAIKSH128E07816DF,15
TRAAARJ128F9320760,15
TRAPZQI128F428CF18,12
TRAVHLR128F146B476,4
TRARIZK128F92FF27A,2
TRAZWDT128F4241B14,14
TRAVOLQ128F9322DB4,4
TRBARSX12903D03AE5,2
TRBBXEG128F424EC2C,12
TRBDRIR128F4241358,3
TRAZYQU128F934AC32,14
TRBGEZA128F4286D23,15
TRBBEGG128F9314BAA,12
TRAJLOY128F92E4EAF,14
TRACFXL128F930B28B,4
TRAAIAE128F42AC53D,2
TRBHJPQ128E078ED8F,14
TRBCDCS128F422F0CF,14
TRATBWX128F427D343,2
TRAXPGM128F428BBA6,14
TRAPFRM128F933A19B,4
TRBCKRF128F9320920,10
TRATZQS128F1467D4B,14
TRAPDQG128F93018C0,0
TRBHQHN128F148A1B3,2
TRBBLTE128F42558EF,2
TRADBXG12903CBDEC5,17
TRAUMIX12903CE640C,15
TRATDIZ128F4242796,4
TRAPSZU128E0785BD2,14
TRADFXD128F424694C,13
TRAKSPS128F933B3D9,10
TRAMTKT128F4222C3A,2
TRAGXUZ128F9311745,14
TRAAMES128F42AF068,2
TRAGKXH128F933D9BB,14
TRAGYJM128EF3466D2,14
TRBGPCC128F428FF02,2
TRAXQZA128F1463DEB,2
TRAQJFK128F428508A,14
TRARPZT128F932AD66,2
TRBAFWX12903CA9831,2
TRBHQUM128F9309DE1,14
TRAWFGF128E0792FE0,14
TRAMEEC128F9307A54,9
TRASDYA128F425E84F,12
TRBAXCV12903CA4067,14
TRBGWVI128E0788AE7,14
TRANTJK128F92E5935,14
TRALAHF128F4248198,14
TRAJHHE128F146815C,14
TRAXUQL128F932D6C4,14
TRAZCPK128E078AF3F,12
TRAMFRD128E07833DA,13
TRAAGPF12903CE027E,2
TRALYBV12903CBBB68,12
TRAPLET128F145B049,2
TRAWBBO128F92D15E1,2
TRAZDTT128F9346306,14
TRANJWP128F428560C,4
TRAASFP128F42980BD,14
TRATIUD128F930620F,2
TRAVSQE12903CB6879,2
TRBEUKI128F9318306,15
TRAZYYE128F1456A0E,14
TRAQVDI128F42969C8,2
TRARYCL128F1456224,2
TRALUTY128F9322DC0,4
TRAUMMP12903C9D5C4,2
TRBDSLA128F4288246,2
TRAKTZY128F148C55C,15
TRAOEAQ12903CC26BD,2
TRAVYHI12903CB95EC,15
TRBGUSS128F92F94BB,12
TRBCPXR128F42AC544,2
TRANPXL128F42B8FED,14
TRALMTD128E07862AC,15
TRAXOWL128F9343C95,14
TRBFTJP128F426AC3F,2
TRAVMXD12903CBBD0B,12
TRASGOE128F42328B4,4
TRAQPHD128F4226E5E,15
TRAHORF12903CDA9FB,2
TRAIBXQ128F425E6A5,6
TRAXJOA128F93474E8,4
TRAVHIA128F1494B0C,2
TRAMFHI12903CB4349,0
TRAJSFB128F4270AED,12
TRBDIPI128F4279185,4
TRBDPRV128F9306A7E,4
TRAWTUV128F426DD46,2
TRALCCO12903CEBB97,12
TRAFYAV128F42ACA8C,10
TRAUVUF128F148D1AA,3
TRAQTBF12903CCC1B7,15
TRAUFZY12903CD738A,2
TRAHXWI128F428B7DA,2
TRBGTPK128F429E5D5,15
TRACVBQ128E07855EE,15
TRAISNF128E078B72C,3
TRAMHKC128F933DE7D,14
TRAMGAZ128F148D4C3,12
TRAYZZB128F425B73A,4
TRAPCNK128F427D7B5,3
TRBIDUK128F42806A4,15
TRAUOPA128F93537F2,12
TRAGVGB128F423098D,6
TRAQYUA128F428742F,15
TRAFAQY12903CA70F7,3
TRBDCAH128EF362D31,2
TRACFOJ128F4253EFA,2
TRBGWQG128F92FB42D,2
TRAUQUO128F92F8340,12
TRARRZU128F4253CA2,10
TRAKREH128F42750C6,2
TRAFOKY128F92ED751,14
TRAGPZS128F9332248,12
TRAQVJM128F9310F20,2
TRAEJPC12903CD420E,2
TRBBMQN128EF35F995,14
TRATBNG128F92CADA8,4
TRAKRQK12903CB3006,2
TRAWFYX12903CA4766,3
TRABEBP12903C9BA03,0
TRAMARM128E0796A50,14
TRAFAAS12903CF0BE2,2
TRAEIIO128F92E08FD,14
TRAITDY128F149431C,2
TRAUQAM128F9340CFE,2
TRAOJED128F42361E6,4
TRAMNDH128F425C33D,4
TRAGNUI128F1471068,14
TRBDKOV128F4290943,14
TRASHSN12903CA9E34,2
TRBFLSD128F42A0F4C,2
TRAGWDA128F1473193,14
TRAJPIQ128F14819A8,2
TRAVCNA128F930975C,2
TRAPGOZ128F933A945,12
TRATLOJ128F9308ABB,4
TRAMHMO128F93167EA,4
TRAJBJG128F14A1EA1,13
TRAUDRC128F148D15E,14
TRAGEQI128F429154D,2
TRACHHH128E0788A35,15
TRALYPO128F429C4AF,6
TRARNZA128F424EC6A,2
TRAFJIW128E078E1DE,2
TRBDWLE128F42B3112,2
TRAAGJV128F1464090,14
TRARFXI128F1468CE3,12
TRASJIY128F149998B,15
TRAGXNU128F932C7D8,17
TRARBGM12903CC5026,14
TRAHBOC128F9322A62,3
TRAGGKN12903CCA8EE,15
TRAKXIR128F92CF85A,12
TRBCFLI128F429F370,15
TRAQSPU128F422146B,2
TRAKHXX128E07877EB,2
TRALMYT12903D0954C,14
TRAYHSN128F427E065,4
TRAIMDW128F14B0B75,2
TRAKPUY128F4271101,13
TRACYDP128F932BC8E,3
TRAXMWV128F14612AB,4
TRAWZRG128F1489B24,14
TRAEOUE128F93187B9,3
TRAFTOE12903CF3F5E,10
TRACMMG128F146D705,15
TRBGMJF128F425E8EA,2
TRANUVH12903D1059F,4
TRAHFYH128F92CE223,3
TRAOMKV128F428CD51,15
TRBFMAS128E078F352,12
TRBBGQN128F9310CBE,14
TRABCKL128F423A778,15
TRAZEBG128F1456D2E,2
TRAUGLZ128F14AE500,2
TRAWTUG12903CB2DB8,2
TRAACHN128F1489601,2
TRARMLZ128F9330684,2
TRAUSHD128E0795347,12
TRALWDN128F1456DB7,15
TRBFBOG128F9356C6E,15
TRAYMJB12903CB050F,12
TRAXUPN128F42855C8,14
TRBEIYU128F92E88A9,12
TRBDBVM128F427BCC9,2
TRAWWQM128F148C796,14
TRACYMH12903CA01DF,15
TRBAVMF12903CEA4FB,12
TRAZQET128F42A0449,12
TRAPHDI128F92F5EA1,17
TRANALJ128F9318BAF,14
TRACBRM128F425C2C3,4
TRBEHFA128F145B3DA,2
TRABYEY128F933773A,12
TRBAWSG128F14ADD48,2
TRALRKL128F427B6EB,2
TRAIZQI128F42A51F9,2
TRAYGQU128F934B4F5,15
TRALSAJ128F92EDC84,10
TRAUZTR128F9351D2A,14
TRAJFMH12903D052DC,4
TRAJXBS12903CDCE2C,3
TRBHIRB128F1452ACC,14
TRAKQFZ128F429D3C9,2
TRAJLNF128F422658C,0
TRBGBUY128F422B413,2
TRABRRN12903CF084B,3
TRASIVA128F933DB52,2
TRBBOPV12903CFB50F,14
TRBHRLX128F93466B9,10
TRAWPFX128F92E58B5,2
TRAWULX128F4291255,14
TRBIGGV12903CABC77,14
TRANLJA128F42A5379,14
TRAXJGG128EF3686D7,14
TRAMJUG128F429F8B2,15
TRBIBAQ128F93279F5,2
TRAYKOC128F930D2B8,14
TRAQQOG128F934B0A1,14
TRAHHSV128F42374E3,2
TRAIWQJ128F4287A6F,6
TRAIQKO128F92E5970,2
TRAQCXM128F4230BAD,2
TRAVBAH128F9305DFC,2
TRBGPHO128F4254D34,2
TRBCWYB128F92E246A,3
TRBHJUJ128F92EBE24,2
TRAYXZX128F930F022,4
TRAXDML128E079159C,15
TRAYRPQ128F428DCC8,14
TRAQEUQ128F425282E,0
TRAPEPB128E07861CC,15
TRBEELS128F42B63A8,14
TRAVKGM12903CA66FB,2
TRAUSOM128F9337BC3,2
TRBEUMG128F422305C,2
TRAUQFT128F4270904,2
TRAYDXA128F42296C6,14
TRAVGZS128F9338603,14
TRAMMFP12903CB59C2,12
TRABLYQ128F429A9F8,4
TRAOXCO128F147830B,14
TRADUKH128F4256D1B,2
TRADNRG128F4295A0E,2
TRAPJLL128F92EC0E1,17
TRACBWQ128F92F2B91,12
TRAWNSM12903CA71FC,14
TRBHTKF128F92CC5D2,12
TRAZPJO12903CB4EA6,14
TRAPNOO128F423660C,2
TRAXXQA128F9301855,14
TRAFEPC128F4237505,2
TRBATKI128F4284D54,14
TRALDDK128F9300AC5,2
TRADKLT128F9304E1D,2
TRBBQFV128F4252EFF,2
TRAPDIH128F426DE71,4
TRABHWW128F424E9D2,12
TRAUTTP128F425BDEB,15
TRBGDXT128F1487E86,2
TRARKRC128E0791D82,2
TRAPZYB128F9309217,4
TRAFMIA128F92E2B2B,2
TRARPCK128F92FEA7F,12
TRBDDKF128F426BF7B,2
TRARMHA128F92E7D32,15
TRAZVYP128F1459AD9,2
TRAYDJL128F145F261,12
TRBAHPZ128F427FCEA,14
TRAGNAX128F9313AE8,14
TRAVUOI128F424142F,3
TRAPFIP128F42AC31E,14
TRBESEX128F147BB13,4
TRBGEGB128F9345BD0,14
TRBDOVF128E0795641,12
TRAVTUD128F93094F2,2
TRAEHTU128F93353E5,4
TRAINGP12903C956AD,14
TRAWDLK128EF342E1E,15
TRAJEZT128E0795DF3,14
TRADPDI128F92EBD32,2
TRAICIO12903CBD65B,2
TRALTTR12903C9E32E,14
TRAJAPH128F4271357,0
TRAXLIU128E07860D4,15
TRAEHXW128F146F3C5,14
TRAIWNA128F145E2CD,14
TRASGLA128F147F4F6,2
TRAOFJS12903CF3F3D,10
TRBHHUC128F4294C6F,15
TRAUONA128F4255A38,15
TRAUIHC128F427EEF9,2
TRACTWW12903CB7550,14
TRAYJMK128F9300253,14
TRBGUHX128F4279757,2
TRABVWG128F9359323,12
TRBDFUU128F92EF5BC,2
TRAAQBF12903CF796B,2
TRAKWNL12903CC37B6,2
TRAETAG128F93385AE,10
TRAZLLR128F42A8DCC,2
TRBEYDS128F148C563,15
TRAEGGV128F92F29B2,12
TRAQITZ128F4265E0E,14
TRAIYDL128E0791583,14
TRAPEIN128E078892E,2
TRBICRP128F42882BB,3
TRAJMEL128F4262B4A,12
TRAFCVI128C7196BE6,15
TRAKYON128F429470C,10
TRBHRME128F42537E5,12
TRAICIL128F42598E2,2
TRAQMNB12903CDD58F,2
TRBIJYB128F14AE326,2
TRADOAJ128F428DA46,2
TRAACER128F4290F96,2
TRBCQLB128F9332CF4,3
TRBDBOI128E07817D7,2
TRAHKRO128F9320EA7,2
TRBBMPH128F1469775,2
TRABUVN128F930633C,4
TRAGGVS128F4250CE8,3
TRANSYV128F428A00C,12
TRBGIAQ128F1483BFE,14
TRAFMHB12903CF4F12,0
TRBCSMH128F146A146,2
TRAZCUE128F4223510,0
TRADLYD128F92FEBFF,2
TRAUEIZ128F14AE167,2
TRAHYMJ128E0787801,2
TRAJMQE128F9322DDD,4
TRBCCAJ128F148CBBB,15
TRAHVUK128F1456988,15
TRAXJHG128F427EA02,14
TRASYIH12903D08529,14
TRAVDGG128F92E389A,12
TRBBHLO128F9302EA4,2
TRAOLUA128F422BB1D,14
TRAHMIV128F14693DC,2
TRAYQAI12903CBDD3D,15
TRAVJDB128F93305EB,4
TRABPAU128F429C1BD,17
TRBFICL12903C9CE02,0
TRACKVZ128F4285793,14
TRASGGA128F92E8BF8,2
TRAAGVM128E0784D95,15
TRBEBWG128F93214A4,2
TRAQXJY12903CF3A0E,14
TRANQQZ128E079224E,14
TRBASEQ128F93155D2,14
TRABLTP128F930DC6D,2
TRABFZX128F4241355,2
TRANVZT128F42AE134,2
TRAATMY128F149562F,14
TRBGUUF128F9334B97,4
TRAWXYD128F4255FBD,17
TRABJIX128C7196953,14
TRAMLFL128F93062A0,12
TRAFKRE128F932002B,2
TRBGCLK128F4237A50,14
TRAZLCH12903CE3D6D,15
TRAKQEA128F1495E21,15
TRBHKXX128F4252D02,14
TRAKGGU128F428D83C,14
TRAPCIQ128F4241A74,2
TRARVZG128F1497359,15
TRAPQYF128F14B1051,14
TRAWVWS128F42ADCD1,15
TRAONYI128F9324BA3,10
TRBGYSS128F1487760,17
TRABXPR128F92F27FE,14
TRBDUXD128F148328A,14
TRAZNDI128F9321777,15
TRABPGO128F931B50C,14
TRAVQZF128F92F3CE3,14
TRBBVBM128F4276D82,14
TRAGNFZ12903CD04C2,14
TRAFRCH12903CEA22D,14
TRAGLZM128F931C995,12
TRAGJPA128F92F9665,15
TRBAJXD12903CC3493,14
TRAQZWH128F934B093,14
TRAQNMM12903D00407,2
TRAVKSX128F92EF211,14
TRAPVFO128F9347D5B,4
TRBAMES128F14947D4,2
TRAMGJJ128F421487E,2
TRAWPXB12903CFA413,5
TRAQQVR128F4255A3A,8
TRAGDFG128F42934A0,14
TRAXJBW128E0788652,2
TRALZXZ128F92E26EF,14
TRBDFPV128F42A072C,12
TRAGZCW128EF34B85B,17
TRBHYAU128F9334703,11
TRAGJQL128E078E840,2
TRAYABW128F4235888,15
TRAJPPJ128F1497140,2
TRBIIEU128F9307C88,14
TRARTBH128F93087A4,2
TRADUOU12903CF4323,2
TRBFIHG128F4289CF9,14
TRAHUQT128F4281228,6
TRBHNHZ128F42A6BEF,15
TRANWEM128F92D75C4,8
TRADTID128F9305BC4,10
TRAVDBI12903D105BB,4
TRAPGCJ128F428CCD9,3
TRAFXEY128F148AECD,14
TRAGIKK128F42424EF,2
TRARBFC128EF3500F8,12
TRASUJK128E0789C12,2
TRASDRJ128F428B1A7,2
TRAOXEU128F4299BE5,2
